<?xml version="1.0" encoding="UTF-8"?>
<Configuration status="info">
    <ThresholdFilter level="INFO"/>
    <Appenders>
        <RollingFile name="DEBUGFILE" fileName="D:/3. CE Timetable and Curriculum/7. AY2023-2024 Sem 1 (Year 4)/1. SC2079 - Multidisciplinary Design Project/4. Project/SC2079_GROUP13/Hardware_STM/.metadata/.ide.log" filePattern="D:/3. CE Timetable and Curriculum/7. AY2023-2024 Sem 1 (Year 4)/1. SC2079 - Multidisciplinary Design Project/4. Project/SC2079_GROUP13/Hardware_STM/.metadata/.ide.log-%d{yyyy-MM-dd}.log">
            <PatternLayout pattern="%d{yyyy-MM-dd HH:mm:ss,SSS} [%p] %c{1}:%L - %m%n" />
            <Policies>
                <TimeBasedTriggeringPolicy interval="1" modulate="true" />
                <SizeBasedTriggeringPolicy size="50MB"/>
            </Policies>
        </RollingFile>
    </Appenders>
    <Loggers>
        <Root level="ALL">
            <AppenderRef ref="DEBUGFILE" />
        </Root>
    </Loggers>
</Configuration>